Moyenne RR (s),Écart-type RR (s),Fréquence cardiaque moyenne (bpm),Fréquence cardiaque max (bpm),Fréquence cardiaque min (bpm)
0.8062499999999999,0.07193787507544529,74.4186046511628,91.52542372881356,60.33519553072625
