SDNN_s,RMSSD_s,NN50,pNN50_%
0.07193787507544529,0.1233419780390151,3,25.0
