SDNN,RMSSD,NN50,pNN50
0.0763261914417325,0.11635720862928947,3,25.0
