SDNN_s,RMSSD_s,NN50,pNN50_pct
0.0763261914417325,0.11635720862928947,3,27.272727272727273
